id;dco;age;dev;ncp;ope;lib;mon;sen;pie;ncc;uti;utf;nat;nom_fic;date_arrete
1;2020-09-11;Saudi Riyal wireless payment;Auto Loan Account;Customer Executive Minnesota;Jamaica withdrawal payment;Movies software Handcrafted;38212;Awesome Steel Ball architect;Brunei Darussalam transparent;Ameliorated Tunisian Dinar Baby;Money Market Account Total;Cheese;Credit Card Account Senior payment;Buckinghamshire Row;2020-09-11
2;2020-09-11;wireless;Michigan Avon Intelligent Frozen Salad;holistic cross-platform;coherent aggregate;Developer ivory Tennessee;9727;Expanded withdrawal interface;Streamlined drive;payment Accountability;Auto Loan Account invoice;Sports Computers;SDD;ivory Gambia heuristic;2020-09-11
3;2020-09-12;Gorgeous Wooden Keyboard;Communications Tuna Auto Loan Account;Forge;wireless Legacy;Comoros West Virginia;27934;cross-platform;Practical Metal Table Incredible Neck;Mississippi;redefine;Georgia proactive;implementation collaboration synthesize;Cambridgeshire Kids New Jersey;2020-09-12
4;2020-09-11;Wooden human-resource;Cambridgeshire;Credit Card Account;info-mediaries Avon connecting;calculating Cambridgeshire;74190;panel Engineer Intelligent Granite Mouse;Awesome Granite Hat IB;white;Money Market Account Neck;Chair invoice;Soap;Credit Card Account;2020-09-11
5;2020-09-11;driver Practical Fresh Computer SDD;sensor;Corporate Producer Kentucky;transparent Kansas;silver Public-key;29155;Bacon Security payment;Aruba Computer;Analyst magnetic withdrawal;hack Integration New Leu;invoice;USB Agent;Directives;2020-09-12
6;2020-09-12;budgetary management;best-of-breed reboot Facilitator;Optimization Computers Kansas;transmitter;collaboration UAE Dirham Iowa;65720;systemic Shoes pixel;synthesize Markets;methodologies Representative;payment Rubber;Shores Chips;Brand ADP Bangladesh;yellow Face to face Avon;2020-09-11
7;2020-09-12;didactic;parse Kwacha Garden;Syrian Arab Republic Shoes Division;Berkshire;ADP 1080p;63563;Sausages Mayotte facilitate;AGP;scale;white Cape Verde;Computers fuchsia;SAS South Dakota;copy protocol indexing;2020-09-12
8;2020-09-11;whiteboard;Pizza deposit Centers;JSON Soft;Michigan;Connecticut markets;38189;Movies disintermediate;Chicken index Cheese;Investor deposit open-source;Codes specifically reserved for testing purposes;Lake withdrawal;Small Green niches;Clothing Towels;2020-09-11
9;2020-09-12;architect Personal Loan Account e-tailers;overriding yellow payment;neural;Fundamental;Jewelery;49411;Rustic Concrete Table red;protocol;override;maximize teal indexing;online;Compatible orchid cultivate;scalable backing up Profound;2020-09-12
10;2020-09-11;withdrawal Ohio Auto Loan Account;withdrawal encoding Versatile;Fantastic Fresh Fish Texas;synergies Saudi Riyal override;parse Lithuania ivory;44053;Western Sahara fresh-thinking;fresh-thinking;viral Auto Loan Account Buckinghamshire;Future;Finland Buckinghamshire Berkshire;Afghanistan;Berkshire ivory;2020-09-11
